week_first_day,user_id,user_category,username
2022-01-03,423501695818137623,top,Light and Fluffy
2022-01-10,423501695818137623,medium,Light and Fluffy
2022-01-10,733854151468908625,medium,Captain James
2022-01-10,459457504686899211,top,arax
2022-01-17,407719042401697792,top,Raghav
2022-01-24,164582056766996480,medium,Peduroh
2022-01-24,233248279620616192,medium,Scriptle
2022-01-24,355098610284888065,medium,mattyg
2022-01-24,392183264325926912,medium,ChampagnePapi
2022-01-24,459457504686899211,medium,arax
2022-01-24,824961381132402688,medium,Stav
2022-01-24,839085991749877811,medium,Prime8
2022-01-24,840027834860175401,medium,jahemo
2022-01-24,354039178364846080,high,Anav
2022-01-24,423501695818137623,high,Light and Fluffy
2022-01-24,829453150439079937,high,chefleah
2022-01-24,407719042401697792,top,Raghav
2022-01-24,733854151468908625,top,Captain James
2022-01-24,914011897949454386,top,jedilawyer
2022-01-31,186638392740544512,medium,PandaChanMan
2022-01-31,243861277582032896,medium,NFTCollector
2022-01-31,254360026641203201,medium,Clarity
2022-01-31,401588179158958080,medium,shmegmologist
2022-01-31,537677168017408025,medium,Papakarl
2022-01-31,570886764424593423,medium,Crouhaus
2022-01-31,571835616728449056,medium,Jason99
2022-01-31,673425004121292800,medium,breezy
2022-01-31,684277385146925295,medium,bigfajitas
2022-01-31,699768253085646849,medium,Rusty Sailor
2022-01-31,744907861418836058,medium,Sameer
2022-01-31,768503007460720661,medium,Trance
2022-01-31,782511395770073099,medium,lakshyaraj
2022-01-31,803752160500252763,medium,Yoel ‚Ä¢
2022-01-31,816717572313317469,medium,cryptomonkey
2022-01-31,824142284034670633,medium,estentz
2022-01-31,840027834860175401,medium,jahemo
2022-01-31,869083677701845072,medium,Kailua-boy
2022-01-31,873922360095428648,medium,Fortunate
2022-01-31,876686931117871135,medium,luciousmichaelfierce
2022-01-31,882788261158854716,medium,cryptoxel | DarkDAO
2022-01-31,887437809768624129,medium,thejun
2022-01-31,892152412704505966,medium,ArtyThe1ManParty
2022-01-31,900441484258586706,medium,KristinaFfm
2022-01-31,900665323282366476,medium,TWINGIRLs
2022-01-31,901890992620314695,medium,Ja| Internet made
2022-01-31,903742091920830484,medium,Shabby
2022-01-31,912447648743702588,medium,ÍßÅ Siren ÍßÇ
2022-01-31,928237446272024588,medium,kryptokarp
2022-01-31,934266129206100049,medium,LisaJane
2022-01-31,97705603098492928,medium,Brolithe
2022-01-31,99730621374427136,medium,sushi11fan
2022-01-31,423501695818137623,high,Light and Fluffy
2022-01-31,537674302124982312,high,MrValsor
2022-01-31,614565355368742935,high,ryantaurek.eth
2022-01-31,655267382541156362,high,userschoice
2022-01-31,866418401051934720,high,silenth0dler
2022-01-31,354039178364846080,top,Anav
2022-01-31,407719042401697792,top,Raghav
2022-01-31,699851642497007796,top,3dblur
2022-01-31,733854151468908625,top,Captain James
2022-01-31,866161139608322088,top,redbeansoup
2022-01-31,914011897949454386,top,jedilawyer
2022-01-31,937448220206977077,top,mrmohler
2022-02-07,171006246512492547,medium,Mango
2022-02-07,186388479322750987,medium,LC66
2022-02-07,200494673591009280,medium,Vovo
2022-02-07,211577652010549248,medium,Stian
2022-02-07,232890347691180032,medium,Quince
2022-02-07,237281564311027714,medium,Spitty
2022-02-07,240910802201214976,medium,Dibby
2022-02-07,242487683333488640,medium,RK Eightball
2022-02-07,263072942756331520,medium,tacion
2022-02-07,281648659995688960,medium,inquisitivemindd
2022-02-07,282588732266119178,medium,Gaeshi
2022-02-07,306637674490626049,medium,Bonsai
2022-02-07,315246013994631168,medium,Ali Khan
2022-02-07,322393639550582794,medium,GA$C DKong | Shizuka
2022-02-07,327285911366926337,medium,etaytay
2022-02-07,328380234158309388,medium,zuRaik
2022-02-07,333472218753400838,medium,Grateful Coops
2022-02-07,336586312620703754,medium,ATS Tony üá∫üá¶
2022-02-07,340768120702500865,medium,benc
2022-02-07,344833956002398209,medium,dwee
2022-02-07,347076514690498562,medium,temcha | üå∏üå∏
2022-02-07,353646244461150208,medium,CaptainGeneralz
2022-02-07,360235046214303755,medium,dbog
2022-02-07,366978599414267904,medium,Ash13
2022-02-07,381792211710509057,medium,mattyhornby
2022-02-07,392136644465000448,medium,josephh
2022-02-07,393328964896161794,medium,D4rk
2022-02-07,395721706418733066,medium,CryptoJay
2022-02-07,396367476847280128,medium,MrSprinkles
2022-02-07,397080549493178369,medium,fabiotic
2022-02-07,398665056214319106,medium,wohhh
2022-02-07,399612682371596290,medium,Creamo Thunder
2022-02-07,404382430724751380,medium,hxnze
2022-02-07,415031020258066433,medium,Kronus
2022-02-07,431271497659711521,medium,tangie
2022-02-07,432959260956164097,medium,888bit
2022-02-07,455495034293190657,medium,LukeDongarra
2022-02-07,488182711945527307,medium,s10e
2022-02-07,494426943173689345,medium,teefizz
2022-02-07,498171767358095401,medium,yaboodz
2022-02-07,504186861099679759,medium,Kojil
2022-02-07,506954408886665217,medium,chip
2022-02-07,520959449314230287,medium,sevester
2022-02-07,544307417303875585,medium,Jamestewartjr
2022-02-07,553432297873997834,medium,Fix
2022-02-07,577582050387820545,medium,gabrielbenatar
2022-02-07,579857518747058194,medium,Zayy
2022-02-07,580831161274728457,medium,idyllist
2022-02-07,608944381977952257,medium,Astor
2022-02-07,639686676448411662,medium,Stumpyman69
2022-02-07,658692919804297235,medium,litefor_X
2022-02-07,673425004121292800,medium,breezy
2022-02-07,676463402511630336,medium,jpaige
2022-02-07,693108856565530685,medium,ESQUEKKK
2022-02-07,700557816687099905,medium,cthulhu_risen
2022-02-07,720166963908968498,medium,Because
2022-02-07,735537308031254729,medium,Pumpty
2022-02-07,757583625054060655,medium,Taeri
2022-02-07,759553675986337792,medium,davey
2022-02-07,760389417466331186,medium,jonihboy
2022-02-07,771394123402838067,medium,tbbb
2022-02-07,781610358082764840,medium,Ometheon
2022-02-07,784162251648532490,medium,djbrandman
2022-02-07,798953816379621396,medium,Niccc
2022-02-07,800770200705695745,medium,Kooter
2022-02-07,807309135434874891,medium,justapein
2022-02-07,808045794355707916,medium,clevercapybara
2022-02-07,813014632955379772,medium,Chxm_boss
2022-02-07,814136560974692393,medium,This crypto newbie
2022-02-07,816683445446115328,medium,cunnin5162
2022-02-07,818834446634713118,medium,Jompa
2022-02-07,821488896780664852,medium,Seized
2022-02-07,821560257376813056,medium,tommypaul
2022-02-07,821793637813715024,medium,Bobbybones
2022-02-07,821813362584322128,medium,0x1lorenzo
2022-02-07,827520741985353778,medium,Olesya
2022-02-07,828310502085361715,medium,Akemi
2022-02-07,828316130367242291,medium,2Paris
2022-02-07,829418041783091272,medium,cartjacked
2022-02-07,830362080984694814,medium,Loretta
2022-02-07,83399561850126336,medium,freeman
2022-02-07,836221504596869120,medium,Danyalson
2022-02-07,852587808874954804,medium,nokturnal
2022-02-07,855212786664472618,medium,when_moon
2022-02-07,887926669199953930,medium,yq
2022-02-07,894603825976074282,medium,frozer | decom.888
2022-02-07,895069714370420768,medium,thatjpeg
2022-02-07,903742091920830484,medium,Shabby
2022-02-07,904646592760541214,medium,Phaqueen
2022-02-07,914501925343481927,medium,ËÇñkl
2022-02-07,917874734937567233,medium,prmng
2022-02-07,918000907441041508,medium,InYoFace365
2022-02-07,926583213818773536,medium,Yung Frankenstein
2022-02-07,927359618584285204,medium,tazi
2022-02-07,931843024118513664,medium,kalyugkakabir
2022-02-07,936042434218045510,medium,jouddd
2022-02-07,139122919694401536,high,Gonzilla
2022-02-07,217100253411672064,high,Hue Gassole
2022-02-07,240687780496146443,high,thicclipp | FFG
2022-02-07,260725886804819968,high,Jacks_in_Space
2022-02-07,265880063659081728,high,JUSTlN
2022-02-07,333907451579727874,high,Nova I Niek
2022-02-07,480031052992217088,high,abeng
2022-02-07,580411434022993920,high,afgunz.eth
2022-02-07,709751188672741456,high,bhunamutton
2022-02-07,747296882543427735,high,shadowfax
2022-02-07,748637062705709087,high,Coinkong
2022-02-07,844897886918672405,high,Xilian
2022-02-07,884916507090505809,high,lucci
2022-02-07,887437809768624129,high,thejun
2022-02-07,889780829037944934,high,STOP DM ME
2022-02-07,902911481350344718,high,soberland
2022-02-07,907555327564726283,high,MrPalvy
2022-02-07,181028945502797824,top,Cazzy2g
2022-02-07,249654364816277504,top,MonicaLewinsky
2022-02-07,354039178364846080,top,Anav
2022-02-07,355025476017848323,top,Idraj
2022-02-07,407719042401697792,top,Raghav
2022-02-07,423501695818137623,top,Light and Fluffy
2022-02-07,445219118229094410,top,cryptOmaR üíö
2022-02-07,524605203438370816,top,Grimlock
2022-02-07,614565355368742935,top,ryantaurek.eth
2022-02-07,733854151468908625,top,Captain James
2022-02-07,755820627172261940,top,TheAnalyzer
2022-02-07,756070303008030720,top,Ansh
2022-02-07,815082710925312010,top,MoonLumiere
2022-02-07,819662650181943336,top,Degen.eth
2022-02-07,852691951114518548,top,jayruf2000
2022-02-07,873560611609538560,top,srnishanth
2022-02-07,899944147811725323,top,emirbolen.eth | KSS ‚ö´
2022-02-07,902901315003371551,top,Infinitefinite
2022-02-14,260725886804819968,high,Jacks_in_Space
2022-02-14,732244054603202560,high,Shun
2022-02-14,828193728408715266,high,Mansouri6
2022-02-14,884916507090505809,high,lucci
2022-02-14,894995828794597457,high,Dustin¬∞
2022-02-14,354039178364846080,top,Anav
2022-02-14,407719042401697792,top,Raghav
2022-02-14,445219118229094410,top,cryptOmaR üíö
2022-02-14,733854151468908625,top,Captain James
2022-02-14,819662650181943336,top,Degen.eth
2022-02-14,899944147811725323,top,emirbolen.eth | KSS ‚ö´
2022-02-14,917180880089411594,top,NFTClown
2022-02-21,359339637862563841,medium,BishopGains
2022-02-21,367681837113540618,medium,JonSnow
2022-02-21,395721706418733066,medium,CryptoJay
2022-02-21,423501695818137623,medium,Light and Fluffy
2022-02-21,445219118229094410,medium,cryptOmaR üíö
2022-02-21,692779603982549052,medium,imajames
2022-02-21,745706270765613136,medium,haz
2022-02-21,779752138003709973,medium,Chaorld
2022-02-21,784238994476367893,medium,wendypocky
2022-02-21,821801955214491709,medium,Dominic7
2022-02-21,920269977385336853,medium,ishdutt
2022-02-21,936042434218045510,medium,jouddd
2022-02-21,240687780496146443,high,thicclipp | FFG
2022-02-21,894995828794597457,high,Dustin¬∞
2022-02-21,945024755965263912,high,Janus_King
2022-02-21,407719042401697792,top,Raghav
2022-02-21,733854151468908625,top,Captain James
2022-02-21,899944147811725323,top,emirbolen.eth | KSS ‚ö´
2022-02-21,902901315003371551,top,Infinitefinite
2022-02-28,181028945502797824,high,Cazzy2g
2022-02-28,354039178364846080,high,Anav
2022-02-28,488867697723965441,high,Nighthawk | CwC
2022-02-28,664276802205777920,high,Artienne
2022-02-28,679961547908579339,high,ZŒûRO
2022-02-28,904249081185046538,high,MagicShop
2022-02-28,407719042401697792,top,Raghav
2022-02-28,719940020810678383,top,PlaywinGirl
2022-02-28,733854151468908625,top,Captain James
2022-02-28,865908129862123520,top,METAVERSE
2022-02-28,899944147811725323,top,emirbolen.eth | KSS ‚ö´
2022-02-28,902901315003371551,top,Infinitefinite
2022-03-07,183976580731764736,medium,Munk
2022-03-07,219812566803677184,medium,asdernr‚ÇÜ‚Å∂‚ÇÜ
2022-03-07,249654364816277504,medium,MonicaLewinsky
2022-03-07,260490026725408769,medium,axelg
2022-03-07,340535194203324417,medium,animated
2022-03-07,341347400637743114,medium,DarkMaien
2022-03-07,345212995602743297,medium,Ibuildcastles
2022-03-07,352771601072390144,medium,NonFungibleDegen
2022-03-07,356405951453986816,medium,doruknlz
2022-03-07,359297502911922177,medium,JustANewb
2022-03-07,425029819223506962,medium,JP.
2022-03-07,478582485559803914,medium,rie64
2022-03-07,510731675060142082,medium,adcdsb
2022-03-07,569249074235179021,medium,FauxFur
2022-03-07,692779603982549052,medium,imajames
2022-03-07,693409231986229299,medium,lesca
2022-03-07,693456991657656392,medium,TL2828
2022-03-07,710473206154264616,medium,fruitpunchsamurai00
2022-03-07,744883419376517161,medium,Shabuti
2022-03-07,757724143935553667,medium,gremmy
2022-03-07,776122304978747412,medium,Mayor
2022-03-07,822488199578255421,medium,yuki aang
2022-03-07,837889351210762252,medium,nuflark
2022-03-07,845737695582093342,medium,yabbadabba
2022-03-07,867375313424351292,medium,agussaptono2
2022-03-07,867721664400850975,medium,hstream
2022-03-07,871957706301390898,medium,desmond
2022-03-07,902911481350344718,medium,soberland
2022-03-07,910076225718988831,medium,Markwills DM for collab/Mod
2022-03-07,910182080292454462,medium,U Win
2022-03-07,913501295128756224,medium,SimonD| DaoRexer
2022-03-07,927986320331116544,medium,DaveTommy
2022-03-07,932239411603722330,medium,Lilibethdarunday
2022-03-07,937711012218564620,medium,Kashi Tech
2022-03-07,941134056173752390,medium,≈ûEHZƒ∞ƒ∞
2022-03-07,946637557318426624,medium,wendyrv
2022-03-07,947663864651198565,medium,Robert
2022-03-07,948270571030994995,medium,sheilaabss~Karma Cats
2022-03-07,189949166502412298,high,MikeMeUpP
2022-03-07,240687780496146443,high,thicclipp | FFG
2022-03-07,366571834369376257,high,Kocak
2022-03-07,567217031036796938,high,HEROüïä
2022-03-07,664276802205777920,high,Artienne
2022-03-07,701077736655159326,high,JAYBIAN
2022-03-07,817520650280894494,high,Stevyboy
2022-03-07,821409943566549012,high,darkfingah
2022-03-07,902901315003371551,high,Infinitefinite
2022-03-07,907868319195992095,high,sheesho
2022-03-07,937032257678495816,high,PPSwap/Lumid
2022-03-07,944931064701411339,high,DustKicker29
2022-03-07,949570487414054912,high,SKI DUDE
2022-03-07,407719042401697792,top,Raghav
2022-03-07,448398366460739584,top,testest
2022-03-07,626133180818259968,top,cdawg999
2022-03-07,719940020810678383,top,PlaywinGirl
2022-03-07,733854151468908625,top,Captain James
2022-03-07,765591838597316608,top,Saf.smartbrain
2022-03-07,802694017523515433,top,cello 777
2022-03-07,819662650181943336,top,Degen.eth
2022-03-07,899944147811725323,top,emirbolen.eth | KSS ‚ö´
2022-03-07,911503819718934598,top,astim
2022-03-07,938935034067439647,top,drizzle
2022-03-07,951536087401123941,top,Demonyow
2022-03-14,269865347903913994,medium,Madd_Dawg
2022-03-14,313471982752628738,medium,Modricano
2022-03-14,322385579083956234,medium,Barboja'
2022-03-14,345212995602743297,medium,Ibuildcastles
2022-03-14,467652414825037824,medium,! Jose Olavarrieta
2022-03-14,480031052992217088,medium,abeng
2022-03-14,545682087219429394,medium,Ersin
2022-03-14,601111222485516288,medium,sofaceindisguise
2022-03-14,706459954252349492,medium,xBarton
2022-03-14,714913718269509705,medium,kmike
2022-03-14,761930332940533791,medium,Sensei
2022-03-14,879038222091571251,medium,Leng
2022-03-14,917974330699317268,medium,homing818
2022-03-14,939525474714009662,medium,xiaotn6
2022-03-14,950344127395020871,medium,captainNft1
2022-03-14,311848288917913600,high,aboudy 4
2022-03-14,899944147811725323,high,emirbolen.eth | KSS ‚ö´
2022-03-14,900224718148366347,high,BangBang
2022-03-14,944931064701411339,high,DustKicker29
2022-03-14,407719042401697792,top,Raghav
2022-03-14,733854151468908625,top,Captain James
2022-03-14,855591868826124299,top,Angel_Guided
2022-03-14,938935034067439647,top,drizzle
2022-03-21,218060873191653386,medium,K1ra
2022-03-21,261030739217350656,medium,w4Rd3n
2022-03-21,385388608347045889,medium,Gannicus
2022-03-21,537333800439644162,medium,Yaya's ÁÑ°Âà∂Èôê
2022-03-21,582702359621402635,medium,WalterWhite
2022-03-21,601111222485516288,medium,sofaceindisguise
2022-03-21,693108856565530685,medium,ESQUEKKK
2022-03-21,826615772658008084,medium,Tarumarcƒ±
2022-03-21,853470820210835506,medium,hoodybaba
2022-03-21,879038222091571251,medium,Leng
2022-03-21,883029439657693225,medium,RumbleKongBaller
2022-03-21,936042434218045510,medium,jouddd
2022-03-21,939007380971216916,medium,imj
2022-03-21,281855078825066497,high,KronicTide
2022-03-21,367681837113540618,high,JonSnow
2022-03-21,733854151468908625,high,Captain James
2022-03-21,938935034067439647,high,drizzle
2022-03-21,407719042401697792,top,Raghav
2022-03-21,664276802205777920,top,Artienne
2022-03-21,907868319195992095,top,sheesho
2022-03-21,944931064701411339,top,DustKicker29
